asin,Manufacturer,description,price,reviewsCount,stars,title,url
B07XH3TFVK,Amazon Brand - Eden & Ivy,,749,187,4.1,Amazon Brand - Eden & Ivy Aw-19 Women's Sling bag,https://www.amazon.in/dp/B07XH3TFVK
B084ZHP97M,DEIN KLEIDER,"Spacious and convenient, ideal for use as Messenger Bag.perfect product from DEIN KLEIDER for storing in your Objects to take with you for extra storage.",271,2913,4,DEIN KLEIDER Men's Nylon Messenger Bag,https://www.amazon.in/dp/B084ZHP97M
B08F7YYZTJ,DIVING DEEP,,391,1060,3.3,DIVING DEEP Women Backpack Latest School Bag for Girls (Black),https://www.amazon.in/dp/B08F7YYZTJ
B075Y72PHZ,Lenovo,,749,43166,4.2,Lenovo Casual Laptop Backpack B210 15.6-inch(39.6cm) Water Repellent Black,https://www.amazon.in/dp/B075Y72PHZ
B08R7J19R8,wooum,"Wooum 15.6"" Casual Laptop Backpack Shoulder Bag, Office Bag, College Backpack Computer Bag high School Student Business Bag",468,1454,4,Wooum 15.6 inch Laptop Bag Backpack Fashion Rucksack Casual Student School Bag Computer Bag College Bag Office Bag Business Bag Unisex Travel Backpack,https://www.amazon.in/dp/B08R7J19R8
B09H7PK5ML,TRUE HUMAN,,695,868,3.8,TRUE HUMAN Anti-Theft and USB Charging Port Backpack with Combination Lock Laptop Bag (Grey),https://www.amazon.in/dp/B09H7PK5ML
B07CJCFNZG,American Tourister,,999,10829,4.1,American Tourister Casual Backpack,https://www.amazon.in/dp/B07CJCFNZG
B084JGJ8PF,Wesley,,548,6593,4.3,Wesley Milestone 2.0 15.6 inch 30 L Casual Waterproof Laptop Backpack/Office Bag/School Bag/College Bag/Business Bag/Unisex Travel Backpack (Blue and Black),https://www.amazon.in/dp/B084JGJ8PF
B07PQQ8M7B,POLESTAR,,585,15695,4,"POLESTAR Noble 32 L College/ School/ Office/ Casual/ Travel Backpack with 15.6"" laptop compartment, made with polyester, 1 year warranty",https://www.amazon.in/dp/B07PQQ8M7B
B08678P2T7,Northzone,"NORTHZONE BACKPACK If you carry your laptop to and from work, then this laptop bag from Northzone will definitely make travelling easier. Compatibility This backpack can fit a 38.1 cm laptop comfortably. Compartments This bag has three spacious compartments to store the laptop, charger, external devices, and other accessories with ease. Pockets The two mesh pockets on either sides of this black and blue backpack allow you to store a water bottle, ID card and other knick-knacks, so you can access them easily.",599,3128,4.1,Northzone Lightweight School Bags Backpacks for Boys Girls Stylish Men and Women Casual Travel Laptop Bag College Office (Navy Blue) 40L,https://www.amazon.in/dp/B08678P2T7
B081GSQ9D9,POLESTAR,"POLESTAR Vintage” has unique style and utility requirement. Ergonomically designed with padded base. This Backpack is spacious, lightweight and easy to carry. It is an ideal backpack for daily use, Office, School, College, travel etc. The main compartment with laptop sleeve fits up to 15.6 Inch laptop and one big front compartment for all that you need to carry in a daypack, and a small zip pocket for all small accessories. The adjustable shoulder straps are well padded. Comes with the POLESTAR promise of quality.",567,6174,4,"POLESTAR Vintage 32 L College/ School/ Office/ Casual/ Travel Backpack with 15.6"" laptop compartment, suitable for both men & women,1 year warranty",https://www.amazon.in/dp/B081GSQ9D9
B08YZ5XY31,Lunar's,,899,7242,3.9,Lunar's Bingo - 48 L Laptop Office/School/Travel/Business Backpack Water Resistant - Fits Up to 15.6 Inch Laptop Notebook with 1 Year Warranty,https://www.amazon.in/dp/B08YZ5XY31
B088B4P6ZW,Martucci,,,4221,4.1,Martucci 15.6 inch 30 L Casual Waterproof Laptop Backpack/Office Bag/School Bag/College Bag/Business Bag/Unisex Travel Backpack(Black),https://www.amazon.in/dp/B088B4P6ZW
B08X67XD78,Envias,,417,1459,4,Envias Leatherette Side Sling Bags For Women's Ladies (Green_EVS-122),https://www.amazon.in/dp/B08X67XD78
B07C319T8K,Sugarcrush,,809,444,4.1,sugarcrush Women's Clutch (multidimension_Multicolored),https://www.amazon.in/dp/B07C319T8K
B08M425CLH,Lino Perros,,898,168,4.4,Lino Perros Womens Synthetic Leather,https://www.amazon.in/dp/B08M425CLH
B09H558YGP,Miraggio,"This quilted shoulder bag is a must-have this season. With the refreshing hues, the Genevieve crossbody is guaranteed to breathe life into your everyday ensembles.",3199,10,4.5,Miraggio Genevieve Quilted Women's Crossbody bag,https://www.amazon.in/dp/B09H558YGP
B07K6L8ZLK,AmazonBasics,,3589,163,4.4,"AmazonBasics Bed-in-a-Bag - Soft, Easy-Wash Microfiber - 8-Piece Full/Queen, Navy Nautical Knot",https://www.amazon.in/dp/B07K6L8ZLK
B076YDYT9K,Murano,,1465,88,4,Murano Ascent 29 LTR Laptop Backpack for 15.6 inch Laptop and Nylon Water Resistance Backpack- Red,https://www.amazon.in/dp/B076YDYT9K
B079LMPPKG,AmazonBasics,An Amazon Brand,4269,223,4.2,AmazonBasics Slim Carry On Laptop Travel Weekender Backpack - Green,https://www.amazon.in/dp/B079LMPPKG
B00U2WG6CW,AmazonBasics,,3429,1075,4.6,"AmazonBasics 7-Piece Bed-in-A-Bag - Full/Queen, Purple Mod Dot (Includes 1 bedsheet, 1 Comforter, 4 Pillowcases, 1 Fitted Sheet)",https://www.amazon.in/dp/B00U2WG6CW
B08FTH4GKR,Amazon Brand - Solimo,"Solimo 5-piece Tote Diaper Bag is a must-have companion for every new parent. The diaper bag is manufactured using 100% polyester fabric, which ensures sturdiness and durability. The green shade amps up the overall look of the diaper bag, giving it a playful appeal. It consists of a zipper closure which offers easy access to the items in the bag and provides secure storage. The set comes with 5-pieces which includes a small and big diaper bag, a bottle bag, changing pad and a bottom board. Being devoid of any harmful chemicals such as azo dye and formaldehyde makes the bag safe to use around kids and to store the daily essentials. The diaper bag is crafted using quality materials and has fine stitching for its longevity. To ensure optimum safety, the diaper bag is tested in a NABL accredited lab against 72 parameters for quality, performance and safety. With an ample storage capacity, the bag is useful for storing baby essentials such as diapers, tissues, change of clothes, toys, towels, baby powder, milk bottle and more. Spacious but compact enough, the Solimo 5-piece Tote Diaper Bag can conveniently fit into the plane’s overhead bag section or even at the bottom of the front seat. The diaper bag makes a suitable choice for carrying baby necessities during travel, in the house, during any festival or family gathering without any hassle. The tote-style padded shoulder straps offer comfort and ease of carrying the bag everywhere. Worry less about the bag getting ruined, as the water-resistant fabric protects the bag from accidental spills. Both mother and father can use the bag, and it requires minimum efforts for cleaning. The diaper bag comes with a one-year limited warranty against manufacturing defects for quality assurance and customer satisfaction.",1079,51,4.2,"Amazon Brand - Solimo 5-Piece Tote Diaper Bag, Green",https://www.amazon.in/dp/B08FTH4GKR
B09X643Z2W,Dyazo,,339,129,4.5,Dyazo 13.3 inch Laptop Bag Sleeve Sleeve Bag Cover for 13 inch Apple Mac Book Air Pro Retina 13 13.3 inch MacBook 13.3 inch and All Other laptops & Notebooks with Front Packet and Handle (Grey),https://www.amazon.in/dp/B09X643Z2W
B0713ZQ4DQ,AmazonBasics,"AmazonBasics Hardside Suitcase Set with Wheels, 20"" (50.8 cm) +24"" (61 cm) +28""(71 cm), Black",4611,1263,4.2,AmazonBasics Set of 3 (55 cm + 68 Cm + 78 Cm) Black Hardsided Trolley,https://www.amazon.in/dp/B0713ZQ4DQ
B07CJCGM1M,American Tourister,,1099,42643,4.1,American Tourister Casual Backpack,https://www.amazon.in/dp/B07CJCGM1M
B085MHDJ93,Half Moon,,729,11189,3.9,Half Moon 35 L Casual Waterproof Laptop Bag/Backpack for Men Women Boys Girls/Office School College Teens & Students with Rain Cover (18 Inch) (Navy),https://www.amazon.in/dp/B085MHDJ93
B08BJV6J9Y,The Clownfish,.This laptop travel bag ensures that your travel becomes an exciting experience. This four-wheel laptop trolley case is made with perfection to suit your needs while travelling. It is ideal for overnight business travel. It has a spacious compartment to keep all your travel items without any hassles. It is provided with a soft cushioned sleeve to support and protect your laptop up to 15.6 inches in size. This cabin bag trolley easily fits into the cabin of an airplane. This luxury business laptop trolley bag is also provided with four rotating wheels which are smooth in mobility. This laptop bag trolley for men and women is also provided with a safety lock to keep your valuables safe.,6999,58,4.6,The Clownfish Luxury Unisex Faux Leather 8 Wheel Travel Luggage Suitcase and Laptop Roller Case (Black),https://www.amazon.in/dp/B08BJV6J9Y
B08MW6L2W8,The Clownfish,"Make your travels a living experience with The Clownfish Jaunt. This combo of Laptop Roller case and a Toiletry kit is ideal for overnight business travel. The Roller case has a spacious overnight compartment to keep all your travel items This rolling laptop case is provided with a cushioned sleeve to support laptops up to 15.6 inches in size. Provided with 2 pairs of rotating wheels for smooth mobility. Safety lock to provide security to your items while travelling on an overnight business trip. Comes with a Travel Toiletry Organizer to carry your personal hygienic products and accessories in an organised manner. Comes with one compartment including a mesh for support to ensure proper storage of all essentials like shaving items for men as well as makeup accessories for women. It is spacious enough to hold toiletry items like toothpaste, toothbrush, facewash, scrub and other hygiene products. Sturdy hanging hook for space saving and fast access. Ideal for long travels and tours.",3799,293,4.2,The Clownfish Polyester 15.35 inches Soft Laptop Roller Case With Toiletry Kit (TCFCO44LJBL_Black),https://www.amazon.in/dp/B08MW6L2W8
B07YDGQQN5,FUR JADEN,,799,5628,4.2,"Fur Jaden 55 LTR Rucksack Travel Backpack Bag for Trekking, Hiking with Shoe Compartment",https://www.amazon.in/dp/B07YDGQQN5
B0943MWVCZ,Rassasier,,5999,,,Rassasier Laptop Bags,https://www.amazon.in/dp/B0943MWVCZ
B0B1HXG9KL,GOLD SKY,"GOLD SKY This quality casual day pack comes without any bells and whistles. The clean silhouette is fashionable and modern while still having a heritage feel. There’s nothing complicated on this bag, just a 2 spacious main chamber for books and binders plus a laptop compartment . Back small zipper pocket for tiny things . The product is made from polyester on the inside and outside It features : Lite in weight backpack with spacious compartments, soft shell, zipper closure, shoulder strap and is targeted towards both the genders.This large 25-30 litres backpack from the house of GOLD SKY provides separate spaces for a laptop and related accessories. With two spacious compartments, you can easily pack all your travel essentials in this one bag. You also have the option of external bottle holders for quick and easy access. It is lightweight and comfortable to carry. This trendy polyester backpack is dust-proof and water-resistant in nature which ensures that your belongings are safe even on a rainy day.",799,1,5,GOLD SKY Polyester Casual 35L Laptop Travel Shoulder Office Daytrip College Backpack for Men & Women with Rain Cover,https://www.amazon.in/dp/B0B1HXG9KL
B08X2KRL8B,POLESTAR,,639,2903,4.1,"POLESTAR Leader 34 L College/ School/ Office/ Casual/ Travel Backpack with 15.6"" laptop compartment and rain cover, made with polyester, 1 year warranty",https://www.amazon.in/dp/B08X2KRL8B
B09VCHV6T5,TRUE HUMAN,,675,238,3.8,"TRUE HUMAN Emperor ( ZYDEN ) Anti-Theft backpack with combination lock Laptop bag , office bag , college bag",https://www.amazon.in/dp/B09VCHV6T5
B082PKX18C,Artistix,"Business Casual Charging Pack. USB CHARGING, GUARD AGAINST THEFT, WATER REPELLENT FABRIC. For Business travel. Structure: Laptop / Ipad Pocket / Phone / Document / Camera / Zipper Pockets.... Capacity: 15.6 Inches Laptop / I pad / Clothes / water bottle/ Umbrella / Cosmetic.",939,1610,4.3,Artistix Talon Anti-Theft Design Laptop Backpack Bag in Water Resistance With USB Charging Port (46 Cm) (Black),https://www.amazon.in/dp/B082PKX18C
B0844R2GMK,POLESTAR,"POLESTAR SPACE : A Spacious and durable laptop backpack for school /college and travel. Easily accommodate 15.6 inch laptop. Size: 47 cm X 30 cm X 23 cm: SPACE is made of high grade water resistant polyester material that gives it strength and durable for long-term use. Is carries 12 months warranty. This “MAKE IN INDIA” Product features 3 large zippered compartments, 1 vertical highlighted long zip pocket at front, 2 water bottle /umbrella pockets, Top padded Handle for comfort.",549,4869,4,"Polestar Space 34 Liters Casual/ Office/ Travel/ School Backpack Bag, made of Polyester, 1 year warranty",https://www.amazon.in/dp/B0844R2GMK
B09VCLZ3K4,Half Moon,"This backpack is lightweight water-resistant, capacity of approx 37 Ltr, has a soft and ventilated back panel, and is perfect for carrying all your necessities. Adjustable and breathable padded shoulder strap to meet different requirements for both men and women; made from highly rip and water-resistant polyester fabric, provide strengthen and long-lasting performance; roomy enough for your traveling requirements also having a Rain cover.",999,507,3.9,Half Moon Large 37L Laptop Bag Backpack for menं Women Boys and Girls Luggage Travel Bags with 17.3 inches Laptop Compartment & Rain Cover,https://www.amazon.in/dp/B09VCLZ3K4
B08CMQD4BC,INOVERA (LABEL),"# Description #  Classic Hobo Purse: Top zipper closure, with 2 side zipper pockets design and elegant tassels decoration, fashionable and practical handbags for women, perfect for shopping, dating, travel and business Updated Women Handbags: High-quality PU leather, Reinforced shoulder strap and improved zipper quality, also improved lining polyester, all faux leather hobo bags have been done anti-shock & wear-resistant tests, good purses and handbags for women Structure: Ladies hobo handbags has one main compartment,1 middle compartment, 1 zipper pocket and 2 slot pockets, with 1 back zipper pocket, enough capacity to organize your daily items, such as 9.7-inch iPad, book, umbrella, wallet, water bottle, iPhone and cosmetics, etc Medium Purses for Women: 32L x 13B x 30H cm. Short handle height: 25cm, This hobo bag comes with a long removable and adjustable shoulder strap, which can be used as a women's shoulder bag or hobo crossbody bag",1399,4814,4.2,"INOVERA Faux Leather Women Handbags Shoulder Hobo Bag Purse With Long Strap, 32L x 13B x 30H cm",https://www.amazon.in/dp/B08CMQD4BC
B07J46KLFP,FUR JADEN,,449,8649,3.9,"Fur Jaden 15.6 Inch Laptop Backpack 25 LTR Bag for School, College and Office with USB Charging Port",https://www.amazon.in/dp/B07J46KLFP
B09WVL6PGY,MOKOBARA,,5009,131,4.4,"Mokobara Backpack Pro 15.6"" Inch Laptop Backpack For Men And Women (21 litre).",https://www.amazon.in/dp/B09WVL6PGY
B07G3CG9FC,ADISA,,499,7706,4,ADISA Laptop Backpack 31 Ltrs,https://www.amazon.in/dp/B07G3CG9FC
B075MK4TXP,Gear,Two main compartments. Two additional front pocket and two bottle pocket. Padded cushion back panel and easily adjustable padded shoulder straps with anti sweat fabric underneath. Grab handle and padded laptop sleeve with elastic tape.,,3728,4.4,Gear 30 Ltrs Black Laptop Backpack (LBPASPIRE0104),https://www.amazon.in/dp/B075MK4TXP
B07XVMR33Q,Zipline,,726,2735,4.1,ZIPLINE Unisex Casual Polyester 36 L Backpack School Bag Women Men Boys Girls Children Daypack College Bag Book School Sports Bag Weekend Bag,https://www.amazon.in/dp/B07XVMR33Q
B093DRDJD4,LAXELLA,"Light weight and spacious casual backpack with 3 compartments and 1 front easy-access pocket. The back compartment is fully padded for cushioning. The middle compartment has organiser for pens, visiting cards, etc along with space for carrying papers, files, books, etc. It is spacious enough to keep all your stuff. It has provision for holding bottles on both sides and has adjustable padded shoulder straps for your comfort. The logo of the bag is Reflective so it will glow when light hits it which is a very important safety feature, specially when on road. DURABLE AND LIGHT WEIGHT MATERIAL: Made with strong yet light weight polyester fabric with heavy zippers. Serves the need of a professional office backpack, college bag, student backpack, school bag and is suitable for all, i.e. adults, teens, boys, girls. LAXELLA & STURDY: Its padded, adjustable shoulder straps do not put pressure on the shoulders. Foamed padded top handle is easy on your palm and fingers. LOTS OF STORAGE SPACE & POCKETS: 3 full sized compartments and 1 easy access pocket. Multiple compartments and Organiser can store lots of stuff, that too in very efficient and organized way.",470,101,3.4,Laxella Casual Waterproof Lightweight Laptop Bag/Backpack for Men & Boys /Office School College Teens & Students.(Packof 1),https://www.amazon.in/dp/B093DRDJD4
B085S444JV,Wesley,,548,6593,4.3,"Wesley Milestone Casual Waterproof Laptop Backpack/Office Bag/School Bag/College Bag/Business Bag/Unisex Travel Backpack (Compatible with 15.6 inch Laptop) 30 L, Charcoal Black",https://www.amazon.in/dp/B085S444JV
B0855F8174,Bagneeds,,699,2231,4.1,Bagneeds Men's Black Synthetic Leather Briefcase Best Laptop Messenger Bag Satchel for Men,https://www.amazon.in/dp/B0855F8174
B07K8KLB3P,Wesley,,448,10597,4.3,Wesley Milestone 15.6 inch 25 L Casual Waterproof Laptop Backpack/Office Bag/School Bag/College Bag/Business Bag/Unisex Travel Backpack,https://www.amazon.in/dp/B07K8KLB3P
B09WVH41X9,MOKOBARA,,4490,74,4.1,"Mokobara Backpack 15.5"" Inch Laptop Backpack For Women (16 litres ) Improved (2022 - Model)",https://www.amazon.in/dp/B09WVH41X9
B07YY6PTMN,MI,,899,4426,4.4,Mi Business Casual 21L Water Resistant Laptop Backpack (Dark Grey),https://www.amazon.in/dp/B07YY6PTMN
B09V7VCK25,MOKOBARA,,5590,82,4.3,Mokobara The Transit Backpack Laptop Bag for Men and Women,https://www.amazon.in/dp/B09V7VCK25
B088XB5XY8,MI,,249,3207,4.1,"Mi Step Out 12 L Mini Backpack (Small Size, Black, Water Repellant)",https://www.amazon.in/dp/B088XB5XY8
B08BYQZYYC,HEROZ,,1399,6654,4.3,HEROZ Hammer Unisex Nylon 45 L Travel Laptop Backpack Water Resistant Slim Durable Fits Up to 17.3 Inch Laptop Notebook (All) (Navy Blue & Sky Blue),https://www.amazon.in/dp/B08BYQZYYC
B08FG7L1ZP,Northzone,"NORTHZONE BACKPACK If you carry your laptop to and from work, then this laptop bag from Northzone will definitely make travelling easier. Compatibility This backpack can fit a 38.1 cm laptop comfortably. Compartments This bag has three spacious compartments to store the laptop, charger, external devices, and other accessories with ease. Pockets The two mesh pockets on either sides of this black and blue backpack allow you to store a water bottle, ID card and other knick-knacks, so you can access them easily.",569,186,4.1,Northzone Unisex 15.6 inch 25 L Casual Waterproof Laptop/Travel/Office/School/College/Business Bag/Backpack (Navy blue),https://www.amazon.in/dp/B08FG7L1ZP
B08Z1HHHTD,Skybags,"Ideal for a college student who does not carry a lot of books or laptop to college. Very stylish, slim and feature loaded Backpack",669,1661,4.1,Skybags Brat Black 46 Cms Casual Backpack,https://www.amazon.in/dp/B08Z1HHHTD
B07SRGQ2R4,Genie,"Bring your A game with the Genie Miami Rose backpack. A perfect fusion of prints, structure and design, this backpack is feather light and fully lined for extra strength. It has a spacious compartment with a zipper opening and a side pocket for easy access.",649,959,4.4,"Genie Miami Casual Backpacks for Women, 14 inch, Stylish and Trendy College backpacks for girls, Water Resistant and Lightweight Mini Bags . Latest collection (Rose)",https://www.amazon.in/dp/B07SRGQ2R4
B077BGKMJ9,HP,"Whether you’re heading to the office or working from the road, the HP 14.1 Business Slim Top Load adds a modern touch for the minimalist professional who carries a notebook. It has lockable zippers, a secure RFID pocket and room for your device up to 14.1"" diagonal and daily essentials.",1499,44,4.3,HP 2SC65AA 14-inch Slim Laptop Briefcase (Black),https://www.amazon.in/dp/B077BGKMJ9
B07HFBRRMP,Unique Ideas,"Unique Ideas presents this stylish and functional mother bag which is specially designed to make your baby care experience pleasant. Keep baby's diapers, extra outfits, blankets, small toys and baby supplies organized with the help of this versatile diaper bag. Made from highly durable material this mother bag has multiple zipped compartments and pockets. It has a front zipped compartment with multiple sub compartments which helps to organize small sized baby care supplies like diaper cream, wash cloth, wipes etc. The adjustable shoulder strap and two small handles of the diaper bag makes transporting a breeze. Attractive looks and designs make this bag more adorable.",446,17,3.8,Unique Ideas New Born Baby Multipurpose Polyester Mother Bag with Holder (Light Pink_Medium),https://www.amazon.in/dp/B07HFBRRMP
B07QX58HGR,Blue Tree,,278,154,4,Blue Tree Velvet Kids School/Nursery/Picnic/Carry/Travelling Bag - 2 to 5 Age (_Best_Red_Strawberry),https://www.amazon.in/dp/B07QX58HGR
B07PFF4RYC,Storite,,399,6867,4.1,Storite Stylish Padded Small Nylon Sling Cross Body Travel Office Business Messenger Bag for Men Women (25x16x7.5cm) (Dark Grey),https://www.amazon.in/dp/B07PFF4RYC
B08S3STK3R,SEMITO,,799,9,4,SEMITO Waterproof Laptop Handbag Notebook Bags Men Women Handbags Canvas Computer Bags Laptop Bags 13 14 15 inch Travel Shoulder Bags,https://www.amazon.in/dp/B08S3STK3R
B07QHMKHWH,Genie,"Give your everyday routine a fresh update with Genie Camellia backpack. With all-over floral print, this backpack will be the style statement as you head off to class and your classmates stare in awe. It is spacious enough to carry all your supplies whilst looking cute.",849,1511,4.3,"Genie Camellia 27 litres Pink School Backpack (17 inch, Water Resistant)",https://www.amazon.in/dp/B07QHMKHWH
B019HA8AYG,Gear,"Intuitively crafted at the Gear design studio to balance comfort, style, endurance and functionality.",189,4635,3.7,Gear Carryon Backpack Black- Blue (BKPCARYON0110),https://www.amazon.in/dp/B019HA8AYG
B07PKHC72N,Lavie,"Give a classy touch to your ensemble with this trendy tote by Lavie. Displaying a herringbone print, thin handles and an adjustable and detachable sling belt, this bag opens to a large compartment and multiple utility pockets with smooth sliding zippers.",649,1127,4.2,Lavie Women's Malnov Tote Bag | Ladies Purse Handbag,https://www.amazon.in/dp/B07PKHC72N
B07F3X45WZ,ADISA,,509,4824,4,ADISA Light Weight Laptop Backpack 32 Ltrs,https://www.amazon.in/dp/B07F3X45WZ
B07NSBSV2Y,Safari,"Be it your short trips or your daily travel across the city, daypack has got you covered. With a 15 litre capacity daypack lets you carry your wallet, umbrella, kerchief, keys, earphones, Notepad, pens and other Essentials. The drawstring compartment lets you dump things that you pick up on your way. Pattern: Solid ; Back: Padding ; Number of compartments: 2.",275,4268,4.1,SAFARI 15 Ltrs Cherry Red Casual/School/College Backpack (DAYPACKNEO15CBCRE),https://www.amazon.in/dp/B07NSBSV2Y
B09VTDMRY7,FUR JADEN,"Stay organized all day with a durable and lightweight backpack from Fur Jaden. This back pack is a stylish and functional accessory for men and women. Can add admiration to an appealing and daring personality with a remarkable aesthetics and functionality. This backpack features an anti-theft design. You can also charge your phone on the go and organize your stuff like pro. Fur Jaden functional back pack is apt to protect your gadgets and belongings from being stolen while you travel, thanks to its special anti-theft design. Now keep your belongings safe with style. The backpack features multiple compartments that you may use for your laptop and other essentials. A remarkable feature of this backpack allows you to charge your phone while you are on the move. With an attached charging dock in the back you may connect a portable power bank with ease. Weighing about 600grams, this backpack is lightweight. The backpack is able to house a laptop of up to 15.6 inches and has seven inner compartments to place your other essentials. Made from durable quality polymer this Fur Jaden back pack is sturdy and reliable. Flaunt this bag with style and low maintenance as this bag is washable. This backpack is also suitable for school or college. The straps are designed to distribute the weight equally on each shoulder preventing any sort of discomfort. Use this back pack for office, college/school or during travels.",749,650,4.1,"Fur Jaden Anti Theft Number Lock Backpack Bag with 15.6 Inch Laptop Compartment, USB Charging Port & Organizer Pocket for Men Women Boys Girls",https://www.amazon.in/dp/B09VTDMRY7
B08679WRLW,Northzone,"A sporty versatile Backpack from Northzone. It has a top opening compartment for quick & easy access to essentials while the mesh padding on the back panel will feel comfortable, even on a hot day. This backpack can be carried in 2 ways as it has an additional front handle to hold it in case you’re unable to carry it on your back.",664,996,4,Northzone Laptop Bag/College Bag/School Bag/Office Bag/Waterproof Bag/Travel Bag/Casual Backpack/Trending Backpack (Black1) 40L Backpack,https://www.amazon.in/dp/B08679WRLW
B074G3TJYF,POLESTAR,,479,15366,3.9,"POLESTAR Hero 32 L Casual/ School/ College/ Day light weight Backpack, made with polyester, 1 year warranty - Slogan print",https://www.amazon.in/dp/B074G3TJYF
B09T2MRRG3,Half Moon,"Half Moon backpack is designed to be used everywhere you can use it as:- college bag(as it has numerous pockets inside), school bag(there is very large space inside the bag that can be used to carry numerous books), travel backpack(the volume of this backpack is 35 litres and that is enough for travelling), laptop bag(as it contains a laptop sleeve). It is navy in colour so that it will not become dirty easily it has padded straps to make it easy to carry. It is fully waterproof to protect your laptop, books etc from water and rain. The material used in this bag is dust-free so, that it can produce your backpack from dust. It has a rain cover which is very useful in the rainy season to protect your backpack from rain. It can be used everywhere as well as by everyone be it menं , womenं , boys and girls.",649,849,4,Half Moon 34 L Water Resistant 15.6 inch Laptop Bag/Backpack for Men Women Boys Girls/Office School College with Padded Laptop Compartment (Grey),https://www.amazon.in/dp/B09T2MRRG3
B083N3DCTM,HEROZ,,1499,3210,4.1,HEROZ Hacker 50 litres Nylon Travel Laptop Backpack Water Resistant Slim Durable Computer Book Bag Tracking Fits Up to 17.3-inch Laptop (058- All) (Grey & Navy Blue),https://www.amazon.in/dp/B083N3DCTM
B0B1XPC885,ADISA,"Box sling bag made with high quality PU with fancy show fitting on the front. The sling belt is a full length PU belt which is height adjustable. Inside it has 1 main compartment for convenience of storing your essentials with ease and without any hassle. This is a new and fresh design which is trending in the current fashion season. A classy and stylish sling perfect for parties and clubbing, or for casual daily use.",370,21,4.3,ADISA Women's Girls Party Sling Bag Crossbody,https://www.amazon.in/dp/B0B1XPC885
B09QM9N1B3,Half Moon,"FEATURES: DURABLE MATERIAL: Made with strong polyester fabric with heavy zippers. Serves the need of a professional office laptop bag, college bag, student backpack, school bag and is suitable for all, i.e. boys, girls, men and women; COMFY & STURDY: Its padded, adjustable shoulder straps do not put pressure on the shoulders. Foamed padded top handle is easy on your palm and fingers; DURABLE AND LIGHT WEIGHT MATERIAL: Made with strong yet light weight polyester fabric with heavy zippers; INTERNAL ORGANISER: This backpack features an Internal Organiser that is small pockets inside the front compartment for holding pens, ID cards, etc. These pockets are very useful in organizing your small day-to-day items; LOTS OF STORAGE SPACE & POCKETS: One separate Padded laptop compartment. Multiple compartments can store lots of stuff, that too organised.",679,227,3.7,Half Moon 30L Waterproof 15.6 inch Laptop Office School College Bag Backpack for Men Women Boys & Girls,https://www.amazon.in/dp/B09QM9N1B3
B091CL7VRZ,Storite,,799,588,4,Storite Stylish PU Leather Sling Cross Body Travel Office Business Messenger One Side Shoulder Bag for Men Women(30cmx5.5cmx24cm) (Coffee Brown),https://www.amazon.in/dp/B091CL7VRZ
B09243WY6M,POLESTAR,"This “MAKE IN INDIA” Product features 35 litres capacity ,3 large zippered compartments, 2 front vertical highlighted zip pocket at front, 2 water bottle /umbrella pockets, Top padded Handle for comfort. The RAIN COVER is placed in SIDE MESH POCKET with Velcro closure .POLESTAR “ENZO” backpack with RAIN COVER is Spacious and durable for school /college and travel. Easily accommodate 15.6 inch laptop. ENZO is made of high grade water resistant polyester material that gives it strength and durable for long-term use. Is carries 12 months warranty.",639,2915,4.2,"POLESTAR Enzo 35 L College/ School/ Office/ Casual/ Travel Backpack with 15.6"" laptop compartment and rain cover, made with polyester, 1 year warranty",https://www.amazon.in/dp/B09243WY6M
B081X69ZL7,AFN FASHION,"AFN FASHION brings a fashionable backpack. This full-featured pack makes space for everything essential with multiple zip pockets on the exterior, plus a ready-to-go interior with padded and other storage solutions.",799,1273,4,Afn Fashion 45 Ltrs Casual backpack/ office/ School Bag/Laptop Backpack for (15.6 inch) Blue,https://www.amazon.in/dp/B081X69ZL7
B07MGDFT9C,HEROZ,,1399,6654,4.3,HEROZ Hammer Unisex Nylon 45 L Travel Laptop Backpack Water Resistant Slim Durable Fits Up to 17.3 Inch Laptop Notebook (All) (Grey & Black),https://www.amazon.in/dp/B07MGDFT9C
B09WVQRTDM,MOKOBARA,,5490,131,4.4,"Mokobara Backpack Pro 15.6"" Inch Laptop Backpack For Men And Women (21 litre).",https://www.amazon.in/dp/B09WVQRTDM
B08YF9VHTY,Genie,,649,753,4.5,Genie Flamenco2 Casual Backpacks for Women,https://www.amazon.in/dp/B08YF9VHTY
B00VWM11HQ,Gear,"Intuitively crafted at the Gear Design Studio to balance comfort, style, endurance and functionality. Gear is reckoned for delivering high quality accessories since its inception and has come up with innovation through the years. It is an ideal inclusion to your collection of bags as it is replete with features. Designed with excellence, it is made from high quality fabric. This backpack is long lasting, lightweight and water repellent as well.",895,4862,4.2,Gear Triumph Backpack Navy Blue-Beige (BKPTRMP520522),https://www.amazon.in/dp/B00VWM11HQ
B09VTCNN75,FUR JADEN,"Stay organized all day with a durable and lightweight backpack from Fur Jaden. This back pack is a stylish and functional accessory for men and women. Can add admiration to an appealing and daring personality with a remarkable aesthetics and functionality. This backpack features an anti-theft design. You can also charge your phone on the go and organize your stuff like pro. Fur Jaden functional back pack is apt to protect your gadgets and belongings from being stolen while you travel, thanks to its special anti-theft design. Now keep your belongings safe with style. The backpack features multiple compartments that you may use for your laptop and other essentials. A remarkable feature of this backpack allows you to charge your phone while you are on the move. With an attached charging dock in the back you may connect a portable power bank with ease. Weighing about 600grams, this backpack is lightweight. The backpack is able to house a laptop of up to 15.6 inches and has seven inner compartments to place your other essentials. Made from durable quality polymer this Fur Jaden back pack is sturdy and reliable. Flaunt this bag with style and low maintenance as this bag is washable. This backpack is also suitable for school or college. The straps are designed to distribute the weight equally on each shoulder preventing any sort of discomfort. Use this back pack for office, college/school or during travels.",749,650,4.1,"Fur Jaden Anti Theft Number Lock Backpack Bag with 15.6 Inch Laptop Compartment, USB Charging Port & Organizer Pocket for Men Women Boys Girls",https://www.amazon.in/dp/B09VTCNN75
B08HY56P36,Hyper Adam,"Hyper AdamSporty Backpack with 3 large compartments, 1 exterior pocket, 1 anti - theft internal organizer, 1 side bottle holder.This quality casual day pack comes without any bells and whistles. The clean silhouette is fashionable and modern while still having a ultimate feel. There’s nothing complicated on this bag, just a 3 spacious main chamber for books and binders. The product is made from polyester on the inside and outside It features : very Lite in weight backpack with spacious compartments, soft shell, zipper closure, shoulder strap and is targeted towards both the genders to be used during day trips , school or college.",599,317,3.7,Hyper Adam Sky Figo 15.6 inches 35 L Laptop Backpack Office School Collage Casual Bag with 3 Large Compartment for Men Women Bag Wild tourister (Black-Red),https://www.amazon.in/dp/B08HY56P36
B08HM4TQZZ,Hoteon,,1243,2448,4.4,"Golden Wolf Laptop Bag,Business Anti Theft Backpack with Lock,Water Resistant College School Laptop Backpack with Rain Cover and USB Charging Port Earphone Port,Backpack Gifts for 15.6 inch Laptop 25 L Travel Bag For Women & Men,Dark Grey",https://www.amazon.in/dp/B08HM4TQZZ
B09CV24TMK,Bennett,,499,2514,4.1,"Bennett™ Mystic 15.6 inch(39cm) Laptop Shoulder Messenger Sling Office Bag, Water Repellent Fabric for Men and Women (Charcoal Black)",https://www.amazon.in/dp/B09CV24TMK
B08ZJZBXV6,Caprese,,875,77,4.2,Caprese Tiffany,https://www.amazon.in/dp/B08ZJZBXV6
B0895ZZHKK,ASUS,"ASUS BP1504 offers stylish, elegant protection for laptops with displays up to 15.6 inch. Elegant and lightweight Cross-dyed Woven Fabric making for a truly beautiful accessory to any NoteBook laptop.",699,1042,4.2,Asus BP1504 39.62 cm (15.6-inch) Laptop Backpack (Dark Grey),https://www.amazon.in/dp/B0895ZZHKK
B01G5I8YLC,Wildcraft,Wildcraft rucksack is designed to take on the toughest hauls of the outdoors. The shoulder height and depth adjusters ensure that your pack fits snug on you while you take that winding road. Built on light-weight and strong Robic fabric it adds to the overall performance of the product.,1730,7613,4.3,"Wildcraft 45 Ltrs Grey and Orange Rucksack (8903338073864), Large",https://www.amazon.in/dp/B01G5I8YLC
B09F3NLXGP,Baggit,,499,249,3.9,Baggit Women's Sling Bag,https://www.amazon.in/dp/B09F3NLXGP
B088XH1BP7,MI,,249,3207,4.1,"Mi Step Out 12 L Mini Backpack (Small Size, Dark Blue, Water Repellant)",https://www.amazon.in/dp/B088XH1BP7
B09N3K2ZCP,Fargo,"Enrich your look with this Handbag Fargo available on Amazon. Fargo offers handbags in every style, shape and color. It’s a perfect accessory for your outfits. Match it with pair of heels/sandals to give complete look.",474,1462,3.2,Fargo Handbag For Women And Girls COMBO SET OF 5 (Light5pc),https://www.amazon.in/dp/B09N3K2ZCP
B094GB8VS2,WORLD SPEED,"SPACIOUS STORAGE & COMFORTABLE FOR TRAVEL - Fit all your stuff easily! Pockets include the main pocket for books, food, umbrellas, etc. - You have a thick padded pouch for protecting your laptop, special pockets for phones, ID cards, and a unique cool hooking system for all your wires! The sleek design allows easy and comfortable travel while not compromising on space. don't buy those bulky bags that are heavy and have limited space, they will just drag you with them all day. Buy WORLD SPEED",649,390,4.2,"World Speed 15.6-inch Laptop Computer Briefcase,Water Resistant, Business Bag with Waterproof Zipper,Shoulder Bag Artificial Leather Handbag,Compatible with laptop MacBook Notebook,for Men/Women",https://www.amazon.in/dp/B094GB8VS2
B07QFF2RZR,Genie,"With bold geometric print, the Genie spray backpack is perfect to stand out amongst your friends. Made with nylon twill, the feather-light pack comes with an insulated front pocket to keep lunch warm. The spacious three compartment bag has an additional front pocket, a secret compartment, and a happy pouch.",949,596,4.1,"Genie Spray Backpack for Women - 3 compartments, Stylish and Trendy College Backpacks for Girls, Water Resistant and Lightweight Bags, Easy to Carry Backpacks for Women. Latest Collection (Blue)",https://www.amazon.in/dp/B07QFF2RZR
B0B77G8H5T,Generic,"Gyan Traders Presents Laptop bags 15.6 inch Made from polyester material . Good quality zipper and runner with xtra durability. This laptop bag is cheap and best for women, men office. This bag is also used for laptop bag 14 inch and as travel back bag. Backpack with laptop compartment is well consigned. It’s easy to accommodate 15.6inch laptop and spacious enough to keep books, files and travel cloths. Cushioned shoulder straps, handle and back panel offer protection and long-term comfort.",320,,,Gyan Traders Business Casual & Travel with 3 compartments 15.6 inch Laptop Bag/Backpack for Girls and Boys Trending Backpack for Men,https://www.amazon.in/dp/B0B77G8H5T
B07SRGGGNC,Genie,"Elevate your fashion quotient with Genie Miami Rose backpack.It has a spacious padded laptop compartment and a front pocket for easy access. This fun, young and vibrant backpack is made up of Nylon Twill, making it perfect for daily use.",715,773,4.3,"Genie Miami Laptop Casual Backpacks for Women, 16 inches, Stylish and Trendy College backpacks for girls, Water Resistant and Lightweight Mini Bags . Latest Collection (Rose)",https://www.amazon.in/dp/B07SRGGGNC
B07JN9G66H,Lino Perros,,1371,1873,4.4,Lino Perros leatherette Tote Bag,https://www.amazon.in/dp/B07JN9G66H
B09VCQ1KD3,Fast Travel,"A Sporty Versatile School Laptop Collage Office Backpack From Fast Travel, Made Of Polyester. It Has a 3 opening Compartment & 2 For quick & easy access to essential While the mesh padding on the back panel will feel comfortable, even on a hot day. Stylish And Durable Backpack For Office School /College And Travel. Easily Accommodate A Laptop. Size: 46 Cm X 33 Cm X 20 Cm.",745,218,4.1,"Fast Travel 45 Ltrs, 46 cms School Bag Class 5-12 Large 4 partition Laptop Collage Office Travel Backpack Unisex",https://www.amazon.in/dp/B09VCQ1KD3
B07Z9D3W9D,Mammon,,372,2785,3.5,Mammon Women's stylish Handbags (Black),https://www.amazon.in/dp/B07Z9D3W9D
B098TKJG1L,Baggit,"This super stylish satchel cum sling bag from Baggit is what every girl will die for, because the red hot colour gives it a rich feel, and has the ability to brighten up your everyday styling with ease. What more could you ask for, other than looking stylish every day? The sleek design and quality cruelty-free material used to create this piece of excellence gives it a definitive edge. Mix and match this chic handbag with your outfits and look fashionable instantly. The adjustable straps and pet",499,504,4.2,Baggit Women Satchel Handbag (GREY),https://www.amazon.in/dp/B098TKJG1L
B09F3PMNMS,Baggit,,997,115,4.2,Baggit Women's Satchel Handbag,https://www.amazon.in/dp/B09F3PMNMS
B09CNHQ73V,OUTBOX,"DRAZO brings you this backpack which is designed based on casual and multipurpose. It made from the polyester material for better comfort. ADJUSTABLE SHOULDER STRAP The shoulder straps of this bag pack are fully adjustable according to your convenience. It has an anti-rust coating to preserve from corrosion. PERFECT GIFT It is a perfect gift item for any college or school student. So go ahead and surprise your family and friends with this casual polyester bag! MULTIPURPOSE The big backpack is great for indoor/outdoor activities. Served as everyday/weekender backpack, large school backpack for teen boys/girls, laptop backpack or spacious college backpack, you can use it at anywhere for travel, Camping, Hiking, Overnight trip, etc WATER-RESISTANT Its water-resistant material helps keep items safe from wet, rainy weather, making the backpack a great choice for all seasons.",499,245,3.8,"OUTBOX Waterproof Laptop Backpack,Red",https://www.amazon.in/dp/B09CNHQ73V
B07P2TQH78,HAMMONDS FLYCATCHER,,2301,3735,4.3,Hammonds Flycatcher Original Bombay Brown Leather Laptop Messenger Bag for Laptop/MacBook up to 15.6 inch|Padded Laptop Compartment|Office Bag,https://www.amazon.in/dp/B07P2TQH78
B09L79TM6D,ZOUK,,1999,23,4.2,Zouk Women's Office Bag (multicolour),https://www.amazon.in/dp/B09L79TM6D
B084LF4RT5,FATMUG,,1499,997,4.4,"FATMUG Laptop Bag For Men - Convertible Backpack For Office And Travel (Dark Grey ,Oxford Fabric)",https://www.amazon.in/dp/B084LF4RT5
B09NXVCXJW,Aristocrat,"Aristocrat caters to the demands of the frequent traveller of the Indian heartland. Since its inception, this brand has strived hard to provide durable products at a pocket friendly cost.",,310,4.4,Aristocrat Rookie Duffle (E) 52 Teal Blue,https://www.amazon.in/dp/B09NXVCXJW
B07VHNFMZ3,Aristocrat,The product will be an excellent pick for you. It ensures an easy maintenance.,,289,4.3,Aristocrat 45 Ltrs Blue Rucksack (Mojo),https://www.amazon.in/dp/B07VHNFMZ3
B09RQNP9KT,DEIN KLEIDER,"DEIN KLEIDER   Redefine Your EverydayCarry   The all new Dein Kleider Crossbody Sling Bag is here to make your everyday carry even more stylish and way more convenient.  With an improved new structure, larger main compartment, a front & a back zipper pocket and meshed side net to keep a small water bottle, this crossbody sling can carry all your essentials with ease.   #DeinKleider",289,113,4.1,Dein Kleider Nylon Sling Cross Body Utility Travel Office Business Messenger one Side Shoulder Bag for Men and Women,https://www.amazon.in/dp/B09RQNP9KT
B07RC94TG8,POLESTAR,,822,10077,4.1,"POLESTAR Xplore 55 L Hiking/ Trekking/ Camping/ Travelling Rucksack Backpack with rain cover, shoe compartment, water resistant, made with polyester, 1 year warranty",https://www.amazon.in/dp/B07RC94TG8
B08R7RPVJF,Lenovo,,729,1641,4.4,Lenovo Slim Everyday Backpack,https://www.amazon.in/dp/B08R7RPVJF
B09K5K9973,DAHSHA,,695,228,4.3,"DAHSHA Water-Resistant Oxford Fabric Small Sling Crossbody Messenger One Side Shoulder Bag Waist Fanny Pack Tactical MOLLE EDC Cellphone Passport Holder Pouch For Travel- (Black,17 x 5 x 10.5 cm)",https://www.amazon.in/dp/B09K5K9973
B09V2LB8DR,Pinklips Shopping,Pinklips Shopping Theme Fan Art Laptop Bag Casual School Backpack (COMBO OF 3-SIZE BAGS),999,1,5,Pinklips Shopping Juice Wrld American Rapper Theme Fan Art Laptop Bag Casual School Backpack (COMBO OF 3-SIZE BAGS) - PINKBAGS_01,https://www.amazon.in/dp/B09V2LB8DR
B07GNCRCP4,Protecta,"Protecta presents the professional laptop bag - Designed, developed and manufactured in India like all our products. The professional laptop sling bag has been designed keeping you in mind - With an extremely slim profile is easy to carry, even in a crowded room, at the same time the bag has enough organisation capacity to carry your daily essential stuff. The professional laptop bag has been crafted from light weight, water repellent polyester fabric and the fabrics from our special printed collection bring a unique charm to the daily commute. The professional laptop bag can be carried using the grab handles or on-shoulder with the included, comfortably padded shoulder strap.",649,1212,4.4,Protecta The Professional Laptop Bag Briefcase for Laptops with Screen Size Up to 15.6 Inch (Black & Indian Geometric Print),https://www.amazon.in/dp/B07GNCRCP4
B07PJCH3VZ,Hyper Adam,"Hyper Adam Product Features: 1. 7 Ways Height adjustment system. 2. Adjustable Strap stay for back support 3. Zippered opening for main compartment 4. Dual Pockets on Hood 5. Detachable shoe compartment from inside 6. Zipped space on the hood 7. padded cushioned back 8. Adjustable Hip back that helps in weight division from shoulders 9. Adjustable Sternum Strap that helps in keeping the shoulder belts in place. 10. Waterproof material 11. Additional Bottom compartment for used cloths and shoes 12. Additional side utility pockets Other Features: Load Adjuster on shoulder straps. Internal and external zippered Pockets in the Hood, D Ring on Shoulder Straps for Carabiners, Adjustable Waist Belt, Sternum Straps, Carrier for Sleeping Mat, Curved Padded Shoulder Straps, Hood with Pockets, Waist and Back Padded Shoulders, Dual Compression Straps on the Sides, Two Ice Axe Loops on the Front, Extended Shoulder Strap, Mesh Bottle Holders, Tool Carry Loop at Front, accessory Pockets",999,3350,4.2,Hyper Adam 65 LTR Rucksack Travel Backpack for Outdoor Sport Hiking Trekking Bag Camping Rucksack,https://www.amazon.in/dp/B07PJCH3VZ
B0B2LXQWM5,Comfabie,,749,32,3.9,Comfabie 35 L Casual Waterproof Laptop Bag/Backpack for Men Boys & Girls For Office School College Teens & Students with Rain Cover With adjustable Strap With 2 Compartment,https://www.amazon.in/dp/B0B2LXQWM5
B09FXYKW9C,Bizanne Fashion,,409,305,3.1,Bizanne Fashion Medium Size Fashion Backpack for Girls | Best Gifts for Girls | College Bag for Girls | Stylish Backpack for Women |Stylish Latest Ladies Backpack,https://www.amazon.in/dp/B09FXYKW9C
B09B16ZX56,DEIN KLEIDER,,422,326,3.9,Dein Kleider Polyester Sling Cross Body Travel Office Business Messenger one Side Shoulder Bag for Men and Women,https://www.amazon.in/dp/B09B16ZX56
B07X6DV3VM,AirCase,,995,891,4.3,"AirCase C25 15.6 Inch Messenger Laptop Bag with Shoulder Strap, Water resistant, Handle and 2 Multi Utility Compartments (Blue)",https://www.amazon.in/dp/B07X6DV3VM
B09KXD6KTZ,KLEIO,,731,113,4.4,KLEIO Quilted Travelling Crossbody Sling Bag For Women/Girls (HO8030KL),https://www.amazon.in/dp/B09KXD6KTZ
B09SWCGXMB,Aristocrat,"As the worlds of PC luggage and PP luggage overlap, at its intersection you will find The Dual Edge",,26,3.9,Aristocrat Dual Edge 75cm Polycarbonate & Polypropylene Printed Hardsided Large Luggage 4W Red Strolley,https://www.amazon.in/dp/B09SWCGXMB
B09X33JVQ7,Sketchfab,,549,45,3.6,Sketchfab 35 L Casual Waterproof Laptop Bag Grey Laptop/College/School/Office Travel Backpack Unisex Women Men Boys Girls Children Daypack Book Sports Weekend Lightweight Bags for Stylish and Office - Grey,https://www.amazon.in/dp/B09X33JVQ7
B09QJ7ZF2Y,TRUE HUMAN,,699,482,3.9,"TRUE HUMAN Emperor Anti-Theft backpack With USB charging Port and anti -theft back pocket Laptop bag , office bag , college bag ( LEGEND )",https://www.amazon.in/dp/B09QJ7ZF2Y
B084NZFNGS,ah arctic hunter,,1865,261,4.6,"Arctic Hunter Backpack,17 inch Laptop Bag 41 L Expandable and 3 in 1 Convertible Laptop Backpack Tech Bag with usb Charging Port Water-resistant Multiple Compartments Large Capacity Bag for Travel Business",https://www.amazon.in/dp/B084NZFNGS
B09KV7Y3KL,Wooum,,499,94,3.9,Wooum Water Resistant Material Sling Bag/One Side Bag/Shoulder Bag/Messenger Bag/Office Messenger Bag/Travel Side Bag with 14.1 Inch Laptop Compartment -,https://www.amazon.in/dp/B09KV7Y3KL
B07V5N6XGB,Fiesto Fashion,"Enrich your look with this Handbag & Sling bag from Fiesto Fashion available on Amazon. Fiesto Fashion offers handbags in every style, shape and color. It’s a perfect accessory for your outfits. Match it with pair of heels/sandals to give complete look.",551,44,3.8,Fiesto Fashion Women's Handbag With Sling Bag (Set of 2) (FF0719004_Black),https://www.amazon.in/dp/B07V5N6XGB
B083N53TWB,HEROZ,,1371,3210,4.1,HEROZ Hacker 50 litres Nylon Travel Laptop Backpack Water Resistant Slim Durable Computer Book Bag Tracking Fits Up to 17.3-inch Laptop (058- All) (Grey & Red),https://www.amazon.in/dp/B083N53TWB
B09LVP487G,ICEMART,,549,30,3.7,ICEMART 25 L Waterproof Laptop Bag/Backpack for Men;Women;Boys;Girls/Office School College,https://www.amazon.in/dp/B09LVP487G
B09154JPWQ,ADISA,,399,1606,4.2,ADISA Women's Sling Bag,https://www.amazon.in/dp/B09154JPWQ
B09KLNV3G5,NewYouth,"Package include:：1x Backpack， 1x Headphone cable，1x USB line Material: Canvas and cotton Backpack Usage: travel, hiking, school, Casual daypack, City backpack, laptop / iPad backpack etc.It's super good for travel ,work or school. Main Material: high quality strong canvas 1.the has the high grade canvas material is soft and wear resistance. 2.two-way zip that is comfortable to use. can relieve 3.the comfortable and adjustable shoulder straps , so protect that shoulders on her. 4.the has a large capacity. so they can easily with your ipad, a4 - file, magazine and other everyday things. ★If you want to use External USB Charge Function, you have to do as follows: 1.Buy a mobile power 2.Connect your mobile power with the USB interface inside the backpack",989,56,3.5,NewYouth Kpop USB BTS Bookbag Travel Backpack Korean Casual Backpack Daypack Laptop Bag College Bag BookBag with USB Charging Port,https://www.amazon.in/dp/B09KLNV3G5
B09QMNCWMN,RIGHT CHOICE,"Product features 3 main zippered compartments, Laptop backpack sleeve Strong Sleeve Denim; Age Range Description: Adult; Closure Type: Zipper",499,74,3.2,Right Choice Laptop backpack multicolor unisex bag,https://www.amazon.in/dp/B09QMNCWMN
B09L6D68QZ,NORTH ZONE,"Introducing Anti-Theft Backpack to secure your essentials. A Multi-functional backpack that has feature-rich updates like Anti-theft, mobile charging port, and a new tech-inspired design to organize your electronics and simplify your life on-the-go.",569,57,3.6,"NORTH ZONE Unisex Anti Theft Backpack 15.6 Inch Laptop Waterproof Casual Bag with USB Charging Port, Grey",https://www.amazon.in/dp/B09L6D68QZ
B084LFS4G1,FATMUG,,1499,997,4.4,FATMUG Laptop Bag For Men - Convertible Backpack For Office And Travel (Navy Blue Oxford Fabric),https://www.amazon.in/dp/B084LFS4G1
B09CQ5T3LN,POLICE,"Pump up your style quotient a notch higher as you step out carrying casual backpack from the house of Police. It has a vibrant and stylish design, along with the added benefit of spacious interiors. Made from polyester, this backpack features a black colour along with the brand name in front. It also has multiple compartments with zippers along with a stylish design, the bag has padded adjustable back straps that provide carrying comfort. The back panel is also finely padded for ease when you are carrying the backpack. This provides resistance from sweat along with ease of carrying the bag when you are on the move.",1199,548,4,POLICE 30 Ltrs Laptop Backpack,https://www.amazon.in/dp/B09CQ5T3LN
B08D7D2ZFX,COSMUS,,1476,1152,4.2,Cosmus Vogue Casual Laptop Backpack with USB Charger Port 46cm 26 Litre Navy College Bag,https://www.amazon.in/dp/B08D7D2ZFX
B07PV7MKBY,PALAY,,1121,58,4.1,PALAY® Kpop Bangtan Boys Casual Backpack Daypack Laptop Bag School Bag Bookbag Shoulder Bag with USB Charging Port(Black 3),https://www.amazon.in/dp/B07PV7MKBY
B082DK21NT,Good Friends,,699,1221,4,"Good Friends Waterproof, Laptop College School Bag + Digital Watches Combo (Military +Green)",https://www.amazon.in/dp/B082DK21NT
B0B2P6HS1K,Comfabie,"Teal in color so that it does not catch dust easily || A SECRET POCKET at bottom || Designed For Comfort- back padded and padded strap for more comfort || made from heavy quality nylon and polyester || best quality zip and chain used || It is fully waterproof to protect your books laptop from rain || best quality material used to design its inside structure || a fully paddded laptop sleeve that fit to all sizes and companies of laptop like HP , Dell , Asus , Lenovo , mi etc",749,13,3.3,Comfabie 35 L Casual Waterproof Laptop Bag/Backpack for Men Boys & Girls For Office School College Teens & Students with Rain Cover With adjustable Straps With 2 Compartments,https://www.amazon.in/dp/B0B2P6HS1K
B0B5751XLZ,BLACKHORN,"At BLACKHORN, we provide fine quality backpacks at the most reasonable cost so every customer can find a backpack they actually love to carry. To create products that inspire people to get out and live passionate lives; exploring, creating, and living life at the moment. Designed for the quick commute as well as for the long journey. these backpacks can be used as laptop bags, adventure bags, and so on. Your favorite travel companion, The backpacks come with enough storage space to carry all your requirements.",599,,,"BLACKHORN Travel Laptop Backpack, Business Anti Theft Slim Durable Laptops Backpack Water Resistant College School Bag Gifts for Men & Women ( 30 Litre )",https://www.amazon.in/dp/B0B5751XLZ
B08YZBRDF5,Needle Craft,"NEEDLE CRAFT BAG There are two types of school bag pack. Ones that are ordinary and ones that are NEEDLE CRAFT Every backpack at NEEDLE CRAFT is crafted for people who are not only ready to take over the world, but do it in style. Our designers put together latest global trends to make unique patterns using the best fabric and trendy vibrant colors. With ‘built-to –last straps’ and the VIP industries quality assurance, our bags come with a 6 Month Domestic warranty. So go on, the journey is waiting, the road is calling. Move in style!",619,113,3.9,NEEDLE CRAFT 30 Liter Waterproof Laptop Backpack/Office Bag/School Bag/College Bag/Business Bag for Unisex (Black),https://www.amazon.in/dp/B08YZBRDF5
B09DYTDSY6,Storite,,899,1380,4.1,"Storite Canvas Sling Cross Body Travel Office Business Messenger One Side Shoulder Bag for Men & Women (Grey, 33cm x 6.5cm x 27cm)",https://www.amazon.in/dp/B09DYTDSY6
B08R7PGL6W,wooum,"Wooum 15.6"" Casual Laptop Backpack Shoulder Bag, Office Bag, College Backpack Computer Bag high School Student Business Bag",468,1454,4,Wooum 15.6 inch Laptop Bag Backpack Fashion Rucksack Casual Student School Bag Computer Bag College Bag Office Bag Business Bag Unisex Travel Backpack,https://www.amazon.in/dp/B08R7PGL6W
B09L5Z9KBD,WALKENT,,2290,248,4.3,"WALKENT Craft 15.6"" Waterproof Laptop Bag 27L - Anti-Theft, External USB, Expandable for Men Women",https://www.amazon.in/dp/B09L5Z9KBD
B08T96KXTF,Hoteon,,1243,2448,4.4,"Golden Wolf Laptop Bag,Business Anti Theft Backpack with Lock,Water Resistant College School Laptop Backpack with Rain Cover and USB Charging Port Earphone Port,Backpack Gifts for 15.6 inch Laptop 25 L Travel Bag For Women & Men, Light Grey",https://www.amazon.in/dp/B08T96KXTF
B085SNQRB7,Caprese,Caprese Clairice Women's Flap Sling Medium Teal Blue,732,81,4.2,CAPRESE Women's Sling Bag (Blue),https://www.amazon.in/dp/B085SNQRB7
B08R7PJZ65,wooum,"Wooum 15.6"" Casual Laptop Backpack Shoulder Bag, Office Bag, College Backpack Computer Bag high School Student Business Bag",468,1454,4,Wooum 15.6 inch Laptop Bag Backpack Fashion Rucksack Casual Student School Bag Computer Bag College Bag Office Bag Business Bag Unisex Travel Backpack,https://www.amazon.in/dp/B08R7PJZ65
B0822H451W,GOCART WITH G LOGO,,1299,840,4.1,GOCART WITH G LOGO Laptop Backpack Casual Daypacks Briefcase Convertible Business Travel Rucksack with USB Charging Port Large College School Bookbag Computer Laptop Bag,https://www.amazon.in/dp/B0822H451W
B08Z619V6Z,Veneer,,999,2036,4.3,"Veneer Laptop Bag 15.6 Inch, Business Briefcase for Men Women, 15inch Water Resistant Messenger Shoulder Bag with Strap, Durable Office Bag, for Computer/Notebook/MacBook,Black (Grey)",https://www.amazon.in/dp/B08Z619V6Z
B08Y8JSKRQ,ZAmaizoom,,649,903,3.8,"ZAmaizoom 30 Ltrs Waterproof Laptop Bag for Men Women Boys Girls/Office School College Teens , Students with Free RAIN Cover",https://www.amazon.in/dp/B08Y8JSKRQ
B09Q172X7J,WALKENT,,2690,19,4.6,"Walkent Ritzy 15.6 inches Waterproof Laptop Bag - Hi-Quality PU, Anti Theft Design, External USB, Scratch Resistant",https://www.amazon.in/dp/B09Q172X7J
B09P3RQPCG,Storite,,799,102,4.2,"Storite Stylish PU Leather Sling Cross Body Travel Office Sling Bag, One Side Shoulder Bag for Men Women (25.5cmx7cmx20cm, Dark Brown)",https://www.amazon.in/dp/B09P3RQPCG
B09BKTVZZ7,Generic,BAG FOR ALL PURPOSE WITH LAPTOP COMPARTMENT AND RAIN COVER,489,35,4,Laptop Bag for Women and Men | Backpacks for Girls Boys Stylish | Trending Backpack | School Bag | Bag for Boys Kids Girl | 15 Inch Laptop Bag | (Black),https://www.amazon.in/dp/B09BKTVZZ7
B099NM3GFZ,Zipline,,827,105,3.9,"ZIPLINE Synthetic Leather Executive SMALL messenger bag for upto 13"" Laptop/Tablet for men women with multiple compartments (1-Brown Bag)",https://www.amazon.in/dp/B099NM3GFZ
B07ZYW7LWD,OPTIMA,,494,4323,3.9,Laptop Backpack of OPT-262/263/273/274/1395/1396,https://www.amazon.in/dp/B07ZYW7LWD
B08BP4B949,Storite,,895,870,3.9,"Storite PU Leather Expandable Laptop Bag fits Up to 14 inch Laptop Messenger Organizer Bag/Shoulder Sling Office Bag for Men & Women – (40cm x 29cm x 6 cm, Black/Brown)",https://www.amazon.in/dp/B08BP4B949
B07MCRFH6N,HEROZ,,1399,6654,4.3,HEROZ Hammer Unisex Nylon 45 L Travel Laptop Backpack Water Resistant Slim Durable Fits Up to 17.3 Inch Laptop Notebook (All) (Grey & Navy Blue),https://www.amazon.in/dp/B07MCRFH6N
B084LFX8ZZ,FATMUG,,1499,997,4.4,FATMUG Laptop Bag For Men - Convertible Backpack For Office And Travel (Light Grey Oxford Fabric),https://www.amazon.in/dp/B084LFX8ZZ
B09VTGCJS2,Fellow,,649,3,3.7,Large 45 L Laptop Backpack Large 45L Unisex Laptop Backpack |School Bag| |College Bag||Backpack (PURPLE),https://www.amazon.in/dp/B09VTGCJS2
B09V7G6CTW,MOKOBARA,,5590,82,4.3,Mokobara The Transit Backpack Laptop Bag for Men and Women,https://www.amazon.in/dp/B09V7G6CTW
B09WZB4YQ5,Sanjis enterprises,"Great bags are suitable for a variety of occasions. We offer a large of emotion to fit your exact needs, The bag offers countless uses, in spite of indoor or outdoor activities , As a portable casual bag, it is really high cost-performance and definitely would be your first choice. Please remember that this is a super sturdy, super light, washable, reusable backpack.Perfect birthday festival gift for unicorn lovers. Suitable for ages between 6 to 12 years old kids/children/girls/boys.",799,66,4.1,Sanjis Enterprise Kids girls Cartoon 19 litres multicolour School Backpack 15 inch School Bag or School Backpack for Girls,https://www.amazon.in/dp/B09WZB4YQ5
B09B27CYC4,Safari,"Safari Snap is a 35 Litres, 3 compartment laptop backpack perfect for daily usage. It has a dedicated tech safe laptop sleeve that can hold upto 17 inch laptop or any smaller ones easily. The laptop sleeve is also fully padded from the bottom protecting your device from any shock or damage. This backpack is especially designed for todays fast paced world, where everything should be compact and lightweight. This backpack is perfect for everyday usage such as office, college, school, tuitions, or short holiday trips. The front pocket is designed to keep your essentials organized and side mesh pockets are perfect for storing your water bottle and umberella. Made of high grade water resistant polyester fabric, this backpack will last you several trips.",1479,216,3.8,"Safari Snap 35 Ltrs Large Laptop Backpack With 3 Compartments, Water Resistant Fabric - Black (SNAP19CBBLK)",https://www.amazon.in/dp/B09B27CYC4
B08FM6X8KZ,HP,,1300,1175,4,IndiaCart - HP X Entry Backpack for Upto 15.6 Inch (39.6 cm) Laptop/Chromebook/Mac (Black) 1D0M5PA,https://www.amazon.in/dp/B08FM6X8KZ
B08LVXRN82,IFFOVERSEAS,,1199,1149,4.5,ZIPLOC Polyester Adjustable Strap Baby Diaper Nappy Changing |Mother Handbag |Maternity Backpack,https://www.amazon.in/dp/B08LVXRN82
B09FT317W6,Caprese,,795,177,4.2,Caprese Women's Tote bag,https://www.amazon.in/dp/B09FT317W6
B07LBS2JYG,FUR JADEN,"Opt for this classy yet functional backpack for men from Fur Jaden to stay ahead in the style game. This cloth fabric which is completely water resistant and not just waterproof is sturdy, durable so that you can go from day to night. In addition, its many compartments keep all your belongings sorted so that you never have to lose track of anything. Fur Jaden backpacks are young, vibrant and fashionable accessories which are also a statement of sophistication. This backpack is high on aesthetics as well as on utility and functionality. This classy backpack for men from Fur Jaden has been made of high quality fabric. The material is environment-friendly and extremely light weight making this backpack the ideal choice for those who wish to look fashionable without guilt. With this backpack, you can rest assured that none of your belongings will be damaged by rain or accidental splashes. The interiors of this water-resistant backpack remain free from moisture even if you get caught in an unexpected shower. You can say goodbye to bulky, unsightly backpacks when you opt for this sleek unit from Fur Jaden. The compact design of this men’s backpack rests comfortably on your back while also accommodating your essentials with ease. USB charging point to charge on the go - With our attached charging dock, now charging on the go is easier than before. Important Note: We do not provide free portable charger with the bag.",599,62,3.8,Fur Jaden 15.6 Inch Laptop Casual Backpack for Men Women Boys and Girls School Bag,https://www.amazon.in/dp/B07LBS2JYG
B0B5NBLGBQ,UPPERCASE,"If you feel all backpacks are just the same old boring black and grey bags, read on. Especially if you are stylish and are looking for one that will complement your style. This handcrafted uppercase RollTop Laptop Backpack is the perfect stylish, sleek, and sturdy yet lightweight laptop backpack. It is large enough to hold a 15"" laptop and leave you more than enough space to pack your other essentials. It is visually striking with a classic European design. Whether you are a college student or a working professional, this is the ideal everyday backpack. Designed with care - Spacious compartment that can carry 3+ A4-sized books or a set of clothes, and all your essential chargers and electronics. - Internal organiser to store your power bank and cables. - Front access pocket to easily carry important small items. - Bottle holder on the side. - Convenient trolley sleeve on the back allows it to be securely placed on a trolley for longer journeys. - Superior material quality - Premium Nylon-sheen fabric gives the backpack a smooth and glossy feel that is a joy to touch. - Air mesh on the back optimises breathability and regulates temperature while you wear the backpack. Designed for good - A promise of sustainable and ethical production uppercase is committed to partnering with you in building a world more beautiful. All our products are made from sustainable materials and are GRS (Global Recycle Standard) certified. Our manufacturing processes conform to the highest and most stringent GRS criteria. We ensure fixed working hours, minimum wages, and no child labour. We maintain strict standards in factory safety, energy management, and waste disposal management. We do not use any restricted or harmful chemicals. Every Roll Top Laptop Backpack bought helps reduce 9 1-litre plastic bottles from the planet, helps conserve 117ml of crude oil, and prevents 584g of CO₂ emission. * *Approximate calculations based on information available on www.textilevaluechain.in",1400,17,5,"uppercase Medium 14L Laptop Backpack 2100EBP1 Roll Top Office - College 3x more water repellent sustainable bags with rain proof zippers for Men, Women, Boys and Girls, 750 Days warranty",https://www.amazon.in/dp/B0B5NBLGBQ
B01JRNQDVA,BEST DEAL,"The Best Deal Backpack is designed to protect up to 15.6 Inch widescreen laptops and is constructed of 100% recycled polyester material. Cool, Modern style for Best Deal users, Exterior fabric made of 100% recycled polyster. Comfortable back panel and shoulder straps.Convenient quick-access pocket includes key clip, pen loops, business card holder, accessory compartments, water bottle holder .",390,287,3.2,Best Deal Laptop Bags for HP/Dell Etc.,https://www.amazon.in/dp/B01JRNQDVA
B08SMJG8KC,Nike,NIKE_ADULT UNISEX_BACKPACK_NK BRSLA M BKPK - NFS_UNIVERSITY RED/BLACK/WHITE_CK0932-657_MISC,1909,14,3.9,"""Nike BACKPACK RED Day pack Daybreak Bag Boy Girl Causal Travel 15"" Laptop 24 litres"", university red/black/white, one size (CK0932-657)",https://www.amazon.in/dp/B08SMJG8KC
B08W2C3QKM,Touristiano,"This durable and lightweight backpack can keep you sorted throughout the day while also being super stylish, thus making it the perfect modern and functional accessory for any user – male or female. This backpack can be the perfect complement to your bold and charismatic persona, while its multiple inner chambers can hold all your stuff with convenience. Backpack is both stylish, comfortable, and fits for laptop and laptop accessories, school books, lunch and much more! For best organization and easy access, the backpack features a subdivided main compartment as well as a secondary compartment, and It has Extra Long Adjustable Straps. Its clean design makes the backpack ideal for classrooms and boardrooms alike.",525,571,3.1,"Touristiano Water Resistant College School Book Bag Laptop Computer, Travel Backpacks Laptop Bag for Women Men (Grey) (Navy Blue)",https://www.amazon.in/dp/B08W2C3QKM
B081KGQ3M4,Lavie,,607,1150,4,Lavie Women's Medium Mamo Dome Sling Bag | Ladies Purse Handbag | Crossbody Sling Strap,https://www.amazon.in/dp/B081KGQ3M4
B097C34WVH,Baggit,"Contrasting bands on the front elevates this sling bag with a top zip that opens to a roomy interior to hold all your essentials-keys, phone and wallet when commuting. There's a lot to love about this bag, the gorgeous color and silhouette. Sling this bag across your body or wear it on your shoulder with a casual outfit. This bag will look smart 24 hours in a day and you'll want to reach for it a thousand times! Features: • Cruelty-Free PVC Material • Light orange exterior • 1 main, spacious compartment • 1 interior zippers • Easy access back zipper • Adjustable handle",499,22,4,Baggit Women Hobo Handbag (LIGHT ORANGE),https://www.amazon.in/dp/B097C34WVH
B09929PM71,Baggit,,556,97,4.2,Baggit Women's Sling Bag,https://www.amazon.in/dp/B09929PM71
B012D518O6,Wildcraft,"The double compartment laptop bag has a padded sleeve for your laptop, an internal organiser and quick access pockets to store your essentials and accessories. With a side mesh pocket for your sipper or water bottle, the backpack has a Ventex back system that reduces perspiration. With ample support from the well cushioned back and a padded quick grab haul loop, this backpack is ideal for everyday use and for travel upto 2 days",1639,365,4.2,Wildcraft Turnaround Polyester 35 Ltrs Black Laptop Bag (8903338054696),https://www.amazon.in/dp/B012D518O6
B08TR8RMNH,Storite,,799,615,4.1,"Storite Stylish Small PU Leather Sling Cross Body Travel Office Messenger One Side Shoulder Bag for Men Women(Brown, 20.5x9x16.5cm)",https://www.amazon.in/dp/B08TR8RMNH
B08X3K954Z,Afco Bags,"AFCO Laptop Bag with its double compartments and two side pockets is designed in a wear-resistant polyester material, to hold your laptop, wires, chargers, stationery, bottles, etc. with ease. Where the 15.6” laptop compartment can hold your laptop, the organiser compartment is designed for quick access to your money, chargers, stationery, keys etc. Two pockets on the sides can be used to store bottles, tickets, small change and other such items that you might need handy.",749,2,4.6,Afco Bags Casual Waterproof Laptop Bag/Backpack for Men Women Boys Girls/Office School College Teens & Students (19 Inch) ( Black ),https://www.amazon.in/dp/B08X3K954Z
B07SRFGK6H,Skybags,The product will be an excellent pick for you. It ensures an easy maintenance.,1150,444,4,"Skybags Arthur 30 L Laptop Backpack (Grey), Free Size (PLBPARTHGRY)",https://www.amazon.in/dp/B07SRFGK6H
B09YRR58YQ,Capriff,,729,7,3.6,"Capriff Unisex Waterproof Laptop Bag/Backpack with Rain Cover, Adjustable Strap & 2 Compartment (Teal, 35 L)",https://www.amazon.in/dp/B09YRR58YQ
B097JMR4M6,Safari,"Seek 32L is a compact offering from Safari's overnighter laptop backpack ranges. Equipped with a unique offering of luggage-like opening (or book opening), this bag is perfect to meet ALL your travel needs - Work or Adventure Leisure! Made out of water-resistant fabric & front panel design, it serves as a highly elegant look. On the inside, cross packing straps are provided to help organise your packing. With a 17"" laptop and a tablet compatibility compartment Seek 32 has a total capacity of 32 liters, provided with compression straps and breathable back mesh that prevents the back of the backpack from overheating. Go ahead and add this friendly Seek overnighter backpack to your travel collection, whether it be for a short business trip or a weekend getaway!",1799,,,"Safari Seek 32 Ltrs Overnighter Travel Laptop Backpack (Black), Water Resistant Spacious Bag pack for Travelling and Camping, All-Purpose Bag for Business & Leisure",https://www.amazon.in/dp/B097JMR4M6
B09CTD98LR,Generic,"Hi Cute Kids Backpack Is A Perfect Backpack For Toddlers Or Kids Headed To Preschool, Daycare, Hiking, And Day Trips. This Bag Is Made Up Of High-Quality Finest Material Which Is Soft To Touch, Cute And Adorable, Perfect-Size For Little Ones, This Perfectly-Sized Zoo Pack Feature A Friendly Animal Face, Top Hanging Loop, Crafted Details. The Cartoon Backpack Is The Best Gift For Kids. Every Little Kid Wants Cute, Cool Animal Toddler Backpacks. Lovely Animals Attractive Design, Bright And Multi-Color. It Is Very Soft And Lightweight. The Super Lightweight Makes Your Kids Easy To Carry Around. The Padded Shoulder Straps Are Also Adjustable, Making Them Comfy For Little Shoulders.",166,40,3.2,Raj Collection Cute Kids Backpack Toddler Bag Plush Animal Cartoon Mini Travel Bag for Baby Girl Boy 1-6 Years (Pink Minnie) or Girlfriend/Birthday Gift/Boy/Girl,https://www.amazon.in/dp/B09CTD98LR
B07MNRTDK5,Fristo,,489,5020,4,Fristo Women's Handbag (FRB-315_Red),https://www.amazon.in/dp/B07MNRTDK5
B071RXRCXR,AUXTER,"This AUXTER Music Print School/college/ Casual Backpack is Made from Durable & Lite Weight Material. Adjustable straps make it easy and comfortable to carry for all day use. This backpack has 1 Roomy Main Compartment, One Large Front Zipper Pockets to Hold Accessories, internal Mesh Pocket Organizer for Valuable Items and 2 Side Mesh Pockets for Water Bottle or Umbrella. This Backpack is perfect For Daily Use, Office, School, College, Travel etc.",518.94,3011,3.8,AUXTER Polyester Music 15 Ltrs Casual School Bag College Backpack for Boys and Girls (Black),https://www.amazon.in/dp/B071RXRCXR
B08SMKF3WP,Grazia,"Laptop Case Backpack for Laptops up to 15.6"" / Keeps your laptop safe and help you carry other essentials / Extremely spacious / Many compartments with zipper closures and pockets / Made of tough and durable material that ensures durability / Handle on the top as well as adjustable double padded shoulder straps / Washable",495,60,3.1,"Grazia Laptop Bag for All Size (Black, 15.6 Inch)",https://www.amazon.in/dp/B08SMKF3WP
B08XK7RQFR,DEIN KLEIDER,,289,375,4.1,DEIN KLEIDER Nylon Crossbody Messenger Sling Pouch Bag for Men & Women,https://www.amazon.in/dp/B08XK7RQFR
B07DN9MW5M,Gods,,3099,511,4.5,"Xator 15.6 inch Anti-Theft Laptop Backpack, Adaptable, Light Weight, Convertible and Expandable, Quick Access Pockets, Water Resistant",https://www.amazon.in/dp/B07DN9MW5M
B09NFSC3RP,SHW SOLAR,"SHW Solar Black Laptop Bag - Spacious, stylish bag with padded laptop compartment suitable for 15.6"" laptop, water bottle holder, two main compartment and one front pocket offering good space.",349,62,3.9,"SHW SOLAR BLACK LAPTOP BAG WITH PADDED LAPTOP COMPARTMENT SUITABLE FOR 15.6"" LAPTOP II ADJUSTABLE STRAPSII WATER BOTTLE POCKETII TWO COMPARTMENTS",https://www.amazon.in/dp/B09NFSC3RP
B0B5MT1HQK,FUMUZZA,"FUMUZZA 35L Backpack is the ideal school/college/travel bag for your daily needs. It has 3 large compartments, 1 front zippered pocket, 1 side water bottle holder. An anti-theft internal organiser helps to secure your cables, keys and other valuable items. Padded shoulder straps and back panel ease the weight of heavier loads. Top-mounted, padded handle and reinforced haul loop for quick grab Use : College Bag, School Bag, Casual Bag, Stylish Bag, Daily use. Heavy Duty Zippers & Sliders Real world performance Tested for Durability Lightweight Water-resistant fabric This backpack is lightweight water-resistant, capacity of approx 37 Ltr, has a soft and ventilated back panel, and is perfect for carrying all your necessities. Adjustable and breathable padded shoulder strap to meet different requirements for both men and women; made from highly rip and water-resistant polyester fabric, provide strengthen and long-lasting performance; roomy enough for your traveling requirements also having a Rain cover.",749,,,"Tatuaa Small 35 L Laptop Backpack Laptop Bag for 13/14/15.6 Inch, Slim durable Travel Backpacks",https://www.amazon.in/dp/B0B5MT1HQK
B082QZRX7F,Artistix,,1218,1057,4.2,"Artistix Laptop Backpack (35 Litre, 46 cm) (Onyx_Black)",https://www.amazon.in/dp/B082QZRX7F
B099ZZ57FT,Luvlap,"Baby Breast Milk Storage Bags, BPA Free Disposable Milk Freezer Bags for Breast Feeding (Pack of 25 Bags)",125.71,311,4.4,"LuvLap Baby Breast Milk Storage Bags (Pack of 25), BPA Free Disposable Milk Freezer Bags for Breast Feeding, Transparent",https://www.amazon.in/dp/B099ZZ57FT
B083KT67CY,Lavie Sport,This bright Maroon Lavie Sport Backpack includes spacious compartments and Organisers for your personal belongings and comes with a slip sleeve pocket for your laptop. Perfect as a school bag or college bag.,699,168,3.8,Lavie Sport Charge 35 litres Laptop Backpack | School College Bag for Boys & Girls,https://www.amazon.in/dp/B083KT67CY
B07FF4KCYP,NISUN,,1499,444,4.1,NISUN Large Strong Travel Luggage Duffel Storage Bag with Wheels (73 x 27.5 x 45 cm) - Green,https://www.amazon.in/dp/B07FF4KCYP
B09F9ZFMT4,Baggit,,795,14,4,Baggit Women's Sling Bag,https://www.amazon.in/dp/B09F9ZFMT4
B01D785OJ8,BeyBee,,649,748,4.4,"BeyBee Baby Diaper Nappy Changing Baby Diaper Bag/Baby Bag/Mummy Bag/Handbag Mama's Bag {Diaper Bag} (Dark Blue, One Size)",https://www.amazon.in/dp/B01D785OJ8
B09T6P8B5J,BALIXO,"LOTS OF STORAGE SPACE&POCKET One separate laptop compartment hold 15.6 Inch Laptop as well as 15 Inch,14 Inch and 13 Inch Laptop. One spacious packing compartment roomy for daily necessities , tech electronics accessories. Front compartment with pocket, pen pockets and make your items organized and easier to find.This backpack is sleek and classy, great for school, business and travel .Adjustable shoulder straps on this durable backpack have a breathable mesh material facing the back for extra comfort.",399,25,3.6,"BALIXO Laptop Backpack 15.6 Inch, Water-Repellent, Lightweight Design, Sleek for Travel, Business Casual or College, for Men or Women",https://www.amazon.in/dp/B09T6P8B5J
B08FRKTN12,Kuber Industries,,554.78,213,4,Kuber Industries Disney Mickey Mouse Print 14 inch Waterproof Polyester School Bag/Backpack for Kids (Black)-KUBMART3442,https://www.amazon.in/dp/B08FRKTN12
B09F3R3R6B,Baggit,,499,140,3.6,Baggit Women's Sling Bag,https://www.amazon.in/dp/B09F3R3R6B
B0B1GHRTFF,Martucci,"Mrtucci Casual Laptop Backpack Practical trend backpack, both very convenient to incorporate digital equipment, but also to give you large capacity main pockets to put some clothes, some books, bottle or something else. Multipurpose: suitable for business, school, hiking, travelling, camping, sports, school. To meet all your travel needs. Durable: made with superior quality Nylon fabric material and ensured for maximum durability and making the texture become ultra-durable and better ventilation not easy to deformation. This bag will last for many years. Comfortable: breathable mesh and wide shoulder straps with plentiful sponge padding help relieve the stress from your shoulder. You can to adjust the length of the shoulder straps if you need. Well-made and designed: it's attractive and functional looking. The whole backpack were designed and built very well and there are two compartments and reduced burden system designed.",639,11,5,Martucci 16 inch 36L Casual Waterproof Laptop Backpack/Office Bag/School Bag/College Bag/Business Bag/Unisex Travel Backpack,https://www.amazon.in/dp/B0B1GHRTFF
B09B7KC93T,HEROZ,,1099,642,4.2,HEROZ Hammer Unisex Nylon 35 L Travel Laptop Backpack Water Resistant Slim Durable Fits Up to 17.3 Inch Laptop Notebook (Black),https://www.amazon.in/dp/B09B7KC93T
B0756WRR9Z,Zipline,,1268,787,4.3,Zipline Office Laptop Vegan Leather Executive Formal 15.6 inch Laptop & MacBook Briefcase Messenger/Office/Travel/Business Bag for Men Women with Multiple compartments (Brown),https://www.amazon.in/dp/B0756WRR9Z
B07QHLBBPM,Genie,"Genie Lush Backpack for Women - 3 compartments, Stylish and Trendy College Backpacks for Girls, Water Resistant and Lightweight Bags , Easy to Carry Backpacks for Women. Latest collection (Black)",899,749,4.2,"Genie Lush 36 litres Black School Backpack for Girls (19 inch, 3 Compartments, Water Resistant)",https://www.amazon.in/dp/B07QHLBBPM
B0757MBSS6,Gear,"One wide access main compartment, one additional front pocket and one bottle pocket. Easily Adjustable padded shoulder straps with anti-sweat fabric underneath.",416,1678,3.8,Gear 21 Ltrs Black Grey Casual Backpack (MDBKPECO50104),https://www.amazon.in/dp/B0757MBSS6
B09RK6NCGC,Trajectory,,1399,40,4.2,Trajectory Elegant Vegan Leather 15.6 Inch Laptop Messenger Office Bag with 10 years warranty and dual compartment with expandable bottom used as shoulder and handbag For Men and Women,https://www.amazon.in/dp/B09RK6NCGC
B0B3J2R6VP,American Tourister,"At American Tourister, we believe travel should be fun. We take pride in making stylish, high quality, and yeah, fun backpacks that you can rely on. Marking our presence in 100+ countries making it the most preferred luggage brand worldwide. This lightweight & voluminous backpack comes with multiple compartments & a separate rain cover compartment that make it perfect for your college/office/school or outdoor travel. This backpack made of durable polyester fabric, is equipped with 3 full compartments to hold enough notebooks, textbooks & journals for your college or clothes & additional supplies for a weekend of travel. The backpack has an internal organizer that provides easy access to your phone charger, stationery or whatever you need on the go and still has ample space left for your headphones, your personal diary or the novel you're currently hooked on to. This backpack also has a front stash compartment big enough to accommodate your essentials like phone, power bank, wallet, etc. It has padded mesh back & shoulder straps with breathable system for better back support. It comes with pockets on both sides to comfortably accommodate your bottle or umbrella for convenience of access. Protect your bag from rainy weather or dust with a lightweight, packable rain cover that's made with an adjustable elastic closure for a secure fit around your backpack. Each backpack passes a series of rigorous global quality tests.",1099,1,4,AMT ARC BACKPACK 01- BLUE,https://www.amazon.in/dp/B0B3J2R6VP
B07V47HHRG,AirCase,,1410,449,4,"AirCase Premium Vegan Leather Messenger Bag fits upto 15.6"" Laptop/Macbook with Handles & Detachable Shoulder Strap |Multiple Spacious Compartments Stylish | Water Repellent & Durable",https://www.amazon.in/dp/B07V47HHRG
B083DYV9ZW,TRAWOC,,2011,1091,4.4,TRAWOC 80L Travel Backpack Camping Hiking Rucksack Trekking Bag with Water Proof Rain Cover / Shoe Compartment- BHK001 Black,https://www.amazon.in/dp/B083DYV9ZW
B08R7S55H4,Lenovo,"The Lenovo Professional Backpack is designed for younger generations who need a versatile bag capable of handling any situation. Styled in classic dark blue and dark grey, the colors accentuate the sturdy materials the bag is constructed of. Designed for 15.6” Lenovo laptops, the backpack walks the line between function and form. It utilizes durable materials, and robust features set to cater to its audience's every need.",999,451,4.2,"Lenovo 15.6"" Professional Backpack, Made in India, Water-resistant,Uncompromised storage, Travel friendly:Fleece-lined PC compartment,Vented,Padded BackPanel & Adjustable shoulder straps,Luggage strap",https://www.amazon.in/dp/B08R7S55H4
